"Senet","Simple Senet","1"
"Senet","Simple Marked Senet","2"
"Senet","Middle Kingdom Senet","3"
"Senet","Early New Kingdom Senet","4"
"Senet","Late New Kingdom Senet","5"
"Senet","Vertical Senet","6"
"Senet","Double Senet","8"
"Senet","Cypriot Senet","9"
"Royal Game of Ur","Historical Information","10"
"20 Squares","Simple 20 Squares","11"
"20 Squares","Marked 20 Squares","12"
"20 Squares","20 Squares Liver Model","13"
"20 Squares","Double 20 Squares","14"
"Gabata (Adowa)","Gabata (Adwa)","17"
"Gabata (Aksum)","Gabata (Aksum)","18"
"Pachisi","Pucheesee (Deccan six cowries)","19"
"Pachisi","Pucheesee (Deccan seven cowries)","21"
"Sokkattan","Sokkattan (Sri Lanka)","22"
"Ako Okwe","Murray","23"
"Aw-li On-nam Ot-tjin","Two Counters","24"
"Aw-li On-nam Ot-tjin","Four Counters","25"
"Aw-li On-nam Ot-tjin","Five Counters","26"
"Dabuda","Damohoita","27"
"Mangala (Turkey)","Six Holes","28"
"Ako Okwe","Umuahia","30"
"Ludus Latrunculorum","Historical Information","32"
"XII Scripta","Murray","33"
"Mehen","Historical Information","34"
"20 Squares","Seleucid","35"
"58 Holes","Carnarvon and Carter","36"
"Adugo","Mato Grosso","37"
"Baghchal","Baghchal","38"
"Diviyan Keliya","Sri Lanka","39"
"Wolf and Sheep","Default","40"
"ArdRi","Default","41"
"Hnefatafl","Fetlar","42"
"Arimaa","Default","43"
"Chess","Standard","44"
"Double Chess","Default","45"
"Shogi","Standard","46"
"Skirmish (GDL)","Default","47"
"Stratego","Default","48"
"Xiangqi","Standard","49"
"Fanorona","Tsivy","50"
"Surakarta","Default","51"
"Alquerque","Alfonso X","52"
"Brazilian Draughts","Default","53"
"Canadian Draughts","Standard","54"
"Dama","Standard","55"
"English Draughts","English Draughts","56"
"Nei-Pat-Kono","Culin","57"
"International Draughts","Standard","58"
"Konane","10x10 Konane","59"
"Lasca","Default","60"
"Mogul Putt'han","Sixteen Pieces","61"
"Peralikatuma","Sri Lanka","62"
"Zamma","Monod","64"
"Aw-li On-nam Ot-tjin","Three Counters","65"
"Das Bohnenspiel","Jahn","66"
"En Gehe","Merker","67"
"Kalah","Default","68"
"Oware","Wari","69"
"Latin Square","Default","70"
"Chinese Checkers","Default","71"
"Halma","Default","72"
"Breakthrough","Default","73"
"Knightthrough","Default","74"
"Sneakthrough","Default","75"
"Backgammon","Backgammon","76"
"Royal Game of Ur","Finkel","77"
"Gyan Chaupar","Snakes and Ladders","78"
"Amazons","Default","79"
"L Game","Default","80"
"Mu Torere","Adjacent Enemy to Centre","81"
"Hex","Default","82"
"Y (Hex)","Default","83"
"Achi","Wikipedia","84"
"All Queens Chess","Default","85"
"Andantino","Default","86"
"Connect Four","Default","87"
"Connect6","Default","88"
"Dara","Default","89"
"Five Men's Morris","Cyningstan","90"
"Gomoku","Murray","91"
"Nine Men's Morris","Nine Men's Morris","92"
"Round Merels","Historical Information","94"
"Shisima","Crane","95"
"Six Men's Morris","Cyningstan","96"
"Tant Fant","Datta","97"
"Three Men's Morris","Standard","98"
"Tic-Tac-Mo","Default","99"
"Tic-Tac-Toe","Standard","100"
"Twelve Men's Morris","With Diagonal","101"
"Yavalath","Default","102"
"Dots and Boxes","Default","103"
"Reversi","Default","104"
"Takuzu","Default","105"
"Fill A Pix","Default","107"
"Futoshiki","Default","108"
"Kakuro","Default","112"
"Killer Sudoku","Default","113"
"Magic Hexagon","Default","114"
"Magic Square","Default","115"
"N Queens","Default","116"
"Slitherlink","Default","118"
"Squaro","Default","119"
"Sudoku","Default","120"
"Insanity","Default","121"
"Knight's Tour","Standard","122"
"N Puzzles","Default","123"
"Peg Solitaire","English","124"
"Tower of Hanoi","Default","125"
"Rock-Paper-Scissors","Default","126"
"Hawalis","Oman","127"
"Tron","Default","128"
"Chopsticks","Default","129"
"Nim","Basic","130"
"Contagion","Default","132"
"Half Chess","Default","133"
"Liubo","Historical Information ","134"
"Qelat","Qelat II","135"
"Santaraj","Ras Imru","136"
"Pente Grammai","Historical Information","137"
"Polis","HIstorical Information","138"
"Patolli (Aztec)","Historical Information","139"
"Zohn Ahl","Zohn Ahl","140"
"Tugi-Epfe","Tugi-Epfe","141"
"Bao Kiswahili (DR Congo)","Townshend","142"
"Sungka","Sungka","143"
"Go","Standard","144"
"Chaturanga","Manasollasa","145"
"Fidchell","Historical Information","146"
"Pachisi","Wikipedia","147"
"Game of the Goose","Seville","148"
"Nard","Nard","149"
"Seega","Khamsawee","150"
"Tab","Tab","151"
"Awithlaknakwe","Zuni","152"
"Totolospi (War)","Historical Information","153"
"Tuknanavuhpi","Oraibi","154"
"Kotu Ellima","Sri Lanka","155"
"Terhuchu","Angami ","156"
"Ratti-Chitti-Bakri","Ratti-Chitti-Bakri","157"
"Awithlaknan Mosona","Mosona","158"
"Lau Kata Kati","Standard","159"
"Dash Guti","Gupta","160"
"Egara Guti","Gupta","161"
"Pretwa","Murray","162"
"Dam","Dam (Sri Lanka)","163"
"Queah Game","Queah","164"
"Rithmomachia","Stigter","165"
"Chuki","Culin","166"
"Kioz","Kioz","167"
"Awangdu","Dahomey","168"
"Shi Liu Kan Tsiang Kun","Shi Liu Kan Tsiang Kun","169"
"Juroku Musashi","Juroku Musashi","170"
"Yeung Luk Sz' Kon Tseung Kwan","Yeung Luk Sz' Kon Tseung Kwan","171"
"Ashtapada","Kile","172"
"Romavoa","Romavoa","173"
"Sugoroku","Historical Information","174"
"Fevga","Default","175"
"Plakoto","Default","176"
"Tawula","Tawula","177"
"Trictrac","Petit Trictrac","178"
"Li'b el-Merafib","Li'b el-Merafib","179"
"Shing Quon Tu","Shing Quon Tu","180"
"Totolospi (Race)","Historical Information","181"
"33 Circles","Historical Information","182"
"Knossos Game","Hillbom","183"
"Les Pendus","Les Pendus","184"
"Shiva","Shiva","185"
"Dala","Bagara","186"
"Mefuvha","Venda","187"
"Morabaraba","Sotho","188"
"Maak Yek","Maak Yek","189"
"Hasami Shogi","Murray","190"
"Shantarad","Shantarad","191"
"Mak Yep","Historical Information.","192"
"Makvoer","Makvoer","193"
"Ad elta stelpur","Arnarson and Davidsson","194"
"Tourne-Case","Encyclopedie Methodique","195"
"Grand Trictrac","Soumille","196"
"Saturankam","Saturankam","197"
"Ashta-kashte","Falkener","198"
"Tamman","Tamman","199"
"Chaupar","Ain-i-Akbari","200"
"Pancha Keliya","Pancha Keliya","201"
"Tsun K'i","Tsun K'i","202"
"Nyout","Nyout","203"
"Ghingskoot","Quince","204"
"Ceelkoqyuqkoqiji","Eagle","205"
"Yucebao","Yucebao","206"
"Laomuzhu","Laomuzhu","207"
"Zigulzoqge","Historical Information","208"
"Dongjintian","Dongjintian","209"
"12-Ring","Historical Information","210"
"Halusa","Hyde","211"
"Baqura","Hyde","212"
"Li'b al-Ghashim","Li'b al-Ghashim","213"
"Mangala (Bedouin)","Bedouin","214"
"Pallankuli","Pallanguli","215"
"Puhulmutu","Puhulmutu","216"
"Walak-Pussa","Sri Lanka","217"
"Kotu Baendum","Parker","218"
"Daramuti","Parker","219"
"Meusueb","Meusueb","220"
"Galatjang","Matthes","221"
"Sonka","Iloko","222"
"Main Chongkak","Skeat","223"
"Sijat El Taba","Sijat El Taba","224"
"Aringari","Historical Information","225"
"J'odu","J'odu","226"
"Okwe (Igbo)","Historical Information","227"
"Obridje","Obridje","228"
"Whyo","Oron","229"
"J'erin","J'erin","230"
"Okwe (Nigeria)","Basden","231"
"Azigo","Azigo","232"
"Iyogh","Kukuba","233"
"The Concentration Game","Two Counters","234"
"Okwe (Achalla)","Achalla","235"
"Gifia","Murray","237"
"Mbangbi","Steiber and Steiber","238"
"Um el-Bagara","Davies","239"
"Kara","Bagara","240"
"Leyla Gobale (Gabradarre)","Gabradarre","241"
"Leyla Gobale (Somaliland)","Somaliland","242"
"Bosh","Darod","243"
"Um el Banat","Kababish","244"
"Kiuthi","Kikuyu","245"
"Intotoi","Samburu","247"
"Kisolo","Kisolo","248"
"French Wari","Default","249"
"English Wari (St. Lucia)","Herskovits","250"
"Awari","Langa-Holo","251"
"Adjiboto","Heskovits","252"
"Arb'ata 'Ashara","Historical Information","253"
"Hus (Nama)","Schultze","254"
"Nchuwa","Atonga","255"
"Chisolo","Natatu","256"
"Spreta","Spreta","257"
"Tshuba","Tshuba","258"
"Pereauni","Didinga","259"
"Choro (Acholi)","Acholi","260"
"Ikibuguzo (Opening 1)","Ikibuguzo (Opening 1)","261"
"Bao Ki Arabu (Zanzibar 1)","Ingrams","262"
"Mweiso","Mweiso","263"
"Mweso","Buganda","264"
"Choro (Lango)","Lango","265"
"Owela (Benguela)","Benguela","266"
"Muvalavala (Quioco)","Quiocos","267"
"Muvalavala (Luena)","Luenas","268"
"Tchela","Tchela","269"
"Quela","Quibala","270"
"Quiela","Jinga","271"
"Quendo","Quendo","273"
"Mwendo","Mwendo","274"
"Katra Boaoaka","Tanala","275"
"Kubuguza","Kubuguza","276"
"Mangola","Zaire","277"
"Mwambulula","Bemba","278"
"Mangala (Suez)","Suez","279"
"Kpo","Momolu Massaquoi","280"
"Wouri","Beart","281"
"Toguz Kumalak","Toguz Kumalak","282"
"Merekocdu","Historical Information","283"
"Mangala (Turkey)","Seven Holes","284"
"Alitev","And","285"
"Pic","Pic","286"
"Khrour","Moudjeria","287"
"Kay","Kay","288"
"Papan Dakon","Bandjermasin","289"
"Hoyito","Hoyito I","290"
"Shui Yen Ho-Shang","Shui Yen Ho-shang","291"
"Chongka'","Chamorro","292"
"Shatranj ar-Rumiya","Murray","293"
"Shatranj al-Kabir","Murray","294"
"Chaturaji","Wikipedia","295"
"Hindustani Chess","Murray","296"
"Parsi Chess","Parsi Chess","297"
"Rumi Shatranj","Rumi Shatranj","298"
"Main Chator","Sarawak","299"
"Sittuyin","Sittuyin","300"
"Mak Ruk","Mak Rook","301"
"Ouk Chatrang","Vuthy Tan","302"
"San-Kwo-K'i","San-Kwo-K'i","303"
"Tobi Shogi","Tobi Shogi","305"
"Shatranj","Shatranj","306"
"Shatranj al-Mustatila","Shatranj al-Mustatila","307"
"Shatranj at-Tamma","Murray","308"
"Shatranj al-Falakiya","Historical Information","309"
"Shatranj al-Jawarhiya","Historical Information","310"
"Shatranj al-Husun","Shatranj al-Husun","311"
"Grande Acedrex","Alfonso X","312"
"Acedrex de los Cuatros Tiempos","Acedrex de los Cuatros Tiempos","313"
"Los Escaques","Los Escaques","314"
"Shatranj Diwana Shah","Shatranj Diwana Shah","315"
"Shatr ikh Padan","Shatr ikh Padan","316"
"Shatranj Shir Bakri","Historical Information","317"
"Shodra","Shodra","318"
"Saxun","Saxun","319"
"Makonn","Makonn","322"
"Nardshir","Historical Information","323"
"Shuanglu","Sheung-Luk","325"
"Chupu","Historical Information","326"
"Bul","Bul","327"
"Los Palos","Los Palos","328"
"Petol","Petol","329"
"Kolica Atarakua","Kolica ","330"
"Chukaray","Chane","331"
"Mapuche Game","Depaulis","332"
"Chungani","Historical Information","333"
"Pasa","Pasa","334"
"Huairu","Sigsig","335"
"Taptana","Historical Information","336"
"Quechucague","HIstorical Information","337"
"Komikan","Araucania","338"
"Abalala'e","Abalala'e","339"
"Gabata (Three Players)","Historical Information","340"
"Selus","Aristocratic Selus","341"
"Gabata (Ansaba)","Ansaba","342"
"Mewelad","Mewelad","343"
"Mewegae","Mewegae","344"
"Bechi","Kunama","345"
"Andada","Kunama","346"
"Qelat (Beni Amir-Mensa)","Beni Amir","347"
"Wa'ache Waledat","Wa'ache Waledat","348"
"Selus (Massawa)","Selus","349"
"Rab'e","Rab'e","350"
"Gabata (Adegrat)","Adegrat","351"
"Gabata (Shoa and Adegrat)","Shoa and Adegrat","352"
"Gabata (Wuqro)","Wuqro","353"
"Gabata (Shoa I)","Gabata I","354"
"Lahemay Waladat","Historical Information","355"
"Lahemay Walida","Historical Information","357"
"Hufesay","Hufesay","358"
"Tapata","Tapata","359"
"Lam Waladach","Lam Waladach","360"
"Lamlameta","Historical Information","361"
"Lamosh","Lamosh","362"
"Gabata (Oromo)","Oromo","363"
"Jimafesosh","Jimafesosh","364"
"Tuz","Tuz","365"
"Dabuda","Afar","366"
"Fergen Gobale","Fergen Gobale","367"
"Leyla","Leyla","368"
"Rio Kadalis","Rio Kadalis","369"
"I Pere","Dogon","370"
"Nsumbi","Taabwa","371"
"Bao Kiswahili (East Africa)","Sanderson","372"
"Tablut","Linnaeus","373"
"Bao Ki Arabu (Zanzibar 2)","Ingrams","374"
"Hus (Damara)","Damara","375"
"Isolo","Jeu de gar√ßons","376"
"Gundru","Gundru","377"
"Mbelele","Mba","378"
"Deka","Yombe","379"
"Alea Evangelii","Cyningstan","380"
"Blue Nile","Default","381"
"Brandub","Historical Information","382"
"Cercar La Liebre","Alfonso X","383"
"Dra","Monod","384"
"Felli","Simplified","385"
"O-Pat-Kono","Culin","386"
"Jeu Militaire","Lucas","387"
"Go with the Floe","Default","388"
"Madelinette","Default","389"
"Hat Diviyan Keliya","Sri Lanka","390"
"Havannah","Default","391"
"Jungle","Default","392"
"Ko-app-paw-na","Taos","393"
"Lines of Action","Default","394"
"Merimueng-rimueng-do","Merinueng-rimueng-do","395"
"Pon Chochotl","Murray","396"
"Demala Diviyan Keliya","Sri Lanka","397"
"Squava","Default","398"
"Coyote","Murray","399"
"Cross","Default","400"
"Gol Ekuish","Central India","401"
"Grasshopper","Default","402"
"Groups","Default","403"
"Pong Hau K'i","Standard","404"
"Tawlbwrdd","Cyningstan","405"
"Spots","Default","406"
"Snowpaque","Default","407"
"Ploy","Default","408"
"Dai Hasami Shogi","Wikipedia","410"
"Fox and Geese","Thirteen Geese Murray","411"
"Li'b al-'Aqil","L'ib al-Aqil","412"
"Castello","Default","413"
"Press Ups","Default","414"
"Kharbaga","Mauritania","415"
"Camelot","Default","416"
"Salta","Default","417"
"Tic-Tac-Four","Default","418"
"Ataxx","Default","419"
"Yovodji","Beart","420"
"Enindji","Beart","421"
"Fondji","Dahomey","422"
"Woli","Beart","423"
"Manddiare","Manddiare","424"
"Foji","Dahomey","425"
"Kapana Bona","Gourounsi","426"
"Oure Ngat","Senegal","427"
"Wore","Beart","428"
"Namudilakunze","Ba-Ila","429"
"Mandoli","Hydra","430"
"Mawkar Katiya","Gupta","431"
"Kanji Guti","Kanji Guti","432"
"Motiq","Lembata","433"
"O An Quan","Mancala World","434"
"Katra","Sakalava","435"
"Vai Lung Thlan","Lushei Kuki","436"
"Unnee Tugalluulax","Mancala World","437"
"Bay Khom","Bay Khom","438"
"Waurie","Waurie","439"
"Atari Go","Default","440"
"Conspirateurs","Default","441"
"Feed the Ducks","Default","442"
"HexDame","Default","443"
"L'attaque","Default","444"
"Manalath","Default","445"
"Odd","Default","446"
"Omega","Default","447"
"Pentalath","Default","448"
"Quantum Leap","Default","449"
"Spline","Default","450"
"Susan","Default","451"
"Yavalade","Default","452"
"Yavalanchor","Default","453"
"Manzhouqi","Xu Ke","454"
"Chess Puzzle","Default","455"
"Shogi Puzzle","Default","456"
"Maharajah Chess","Default","457"
"Amazon Chess","Default","458"
"Safe Passage","Default","459"
"Horde Chess","Default","460"
"Loop Chess","Default","461"
"Los Alamos Chess","Default","462"
"Minishogi","Default","463"
"Taikyoku Shogi","Default","464"
"Janggi","Standard","465"
"Chameleon","Default","466"
"Gonnect","Default","467"
"Kaooa","Central India","468"
"EinStein Wurfelt Nicht","Default","472"
"Frisian Draughts","Frisian Draughts","489"
"Dice Shogi","Default","492"
"Domineering","Default","493"
"Hyvn aetter Hare","Hyvn aetter Hare","521"
"Len Choa","Historical Information","523"
"Senet","Historical Information","528"
"Senet","Bell","529"
"20 Squares","Historical Information","530"
"58 Holes","Historical Information","531"
"XII Scripta","Historical Information","533"
"Ludus Latrunculorum","Schadler 1994","534"
"Ludus Latrunculorum","Museum Quintana","536"
"Ludus Latrunculorum","Falkener","537"
"Ludus Latrunculorum","Kowalski 10x11","538"
"Ludus Latrunculorum","Kowalski 8x12","539"
"Ludus Latrunculorum","Bell 8x7","540"
"Ludus Latrunculorum","Bell 8x8","541"
"Mehen","Kendall","542"
"Hnefatafl","Historical Information","544"
"Trax","Default","545"
"Hnefatafl","Copenhagen","546"
"Pushing Me XO","Default","547"
"Kensington","Default","548"
"Capture the Queen","Default","549"
"Lotus","Default","550"
"Chex","Default","551"
"Social Distance Chess","Default","552"
"Triad","Default","553"
"Block","Default","554"
"Three-Player Hex","Default","555"
"Mogul Putt'han","Nineteen Pieces","556"
"Hewakam Keliya","Sri Lanka","558"
"Mu Torere","No Restriction","559"
"Jekab","Jekab","561"
"Achi","Murray","563"
"Five Men's Morris","Historical Information","564"
"Five Men's Morris","Murray","565"
"Round Merels","Blumlein","567"
"Six Men's Morris","Murray","568"
"Six Men's Morris","Historical Information","569"
"Peg Solitaire","European","570"
"Twelve Men's Morris","Board Game Geek","572"
"Ho-Bag Gonu","Default","573"
"Ja-Jeon-Geo-Gonu","Default","574"
"Alea Evangelii","Historical Information","575"
"Ashtapada","Historical Information","576"
"Kolowis Awithlaknannai","Kolowis","577"
"Brandub","Nielsen","579"
"NoGo","Default","580"
"Chaturaji","Historical Information","582"
"Coyote","Historical Information","583"
"Felli","Board Game Geek","584"
"Picaria","Historical Information","585"
"Pon Chochotl","Historical Information","586"
"Picaria","Zaslavsky 1","587"
"Picaria","Zaslavsky 2","588"
"Seega","Sebawee","589"
"Seega","Tisawee","590"
"Jeu Militaire","Gardner","591"
"Tablut","Smith","592"
"Tawlbwrdd","Historical Information","593"
"Boseog Gonu","Default","594"
"Symbol S.2","Default","595"
"Alquerque","Covarrubias","596"
"Alquerque","Murray","597"
"Cercar La Liebre","Murray","598"
"Komikan","MapuChess","599"
"Morra","Default","600"
"Tic-Tac-Chess","Default","602"
"Portes","Default","603"
"Game of Solomon","Default","604"
"Tavli","Default","605"
"Ceelkoqyuqkoqiji","Fourteen holes","606"
"Ceelkoqyuqkoqiji","Equal Cost","607"
"Chisolo","One counter","608"
"Chisolo","Namudilakunze","609"
"Chisolo","Nambidi","610"
"Gabata (Shoa I)","Five holes","611"
"Gabata (Shoa I)","Seven holes","612"
"Hus (Damara)","Wagner","613"
"Wagner","Default","614"
"Icosian","Default","615"
"Hamiltonian Maze","Default","616"
"Sim","Default","617"
"MaxMatch","Default","618"
"Two-Colour","Default","619"
"DisPath","Default","620"
"Kisolo","Starting Position 1","622"
"Kisolo","Starting Position 2","623"
"Kpo","Three players","624"
"Kpo","Four players","626"
"Oware","Awari","628"
"Clobber","Default","629"
"Phantom Go","Default","630"
"Ultimate Tic-Tac-Toe","Default","631"
"Bagh Guti","Karwi","632"
"Bagh Guti","Murray","634"
"Bagh Guti","Cyningstan","635"
"Pereauni","Longarim-Topotha","638"
"Santorini","Default","639"
"Unnee Tugalluulax","Popova","640"
"Bechi","Three Holes","641"
"Aj Sayil","Aj Sayil","642"
"Aj T'iwil","Aj T'iwil","644"
"Aj Sina'anil","Aj Sina'anil","645"
"Aj Sakakil","Aj Sakakil","646"
"A K'aak'il","A K'aak'il","648"
"Shatranj ar-Rumiya","Al-Amuli","650"
"Gabata (Shoa I)","Gabata 3","651"
"Grande Acedrex","Dice","652"
"Pagade Kayi Ata (Sixteen-handed)","SIxteen-handed","653"
"Juroku Musashi","Tsuboi","654"
"Royal Game of Ur","Murray","655"
"Score Four","Default","656"
"Les Pendus","Five in a Row","658"
"Awagagae","Awagagae","659"
"Ciri Amber","Default","660"
"Gabata (Ghinda)","Gabata (Ghinda)","661"
"Flowers","Default","663"
"Banqi","Default","673"
"Onek Rong","Default","674"
"Nyout","Three players","675"
"Ringo","Default","676"
"Nyout","Four players.","677"
"Crossline","Default","678"
"Chomp","Default","679"
"Line and Cross","Default","680"
"Bizingo","Default","681"
"CrossGeo","Default","682"
"Cram","Default","683"
"Theseus and the Minotaur","Default","684"
"Chase","Default","685"
"Patolli","Historical Information","686"
"Patolli","Type 1","687"
"Patolli","Type 2","688"
"Patolli","Type 3","689"
"Patolli","Tula Type","690"
"Radran","Default","691"
"Ilpion","Default","694"
"SpanRups","Default","695"
"OddEvenTree","Default","696"
"Hackenbush","Default","697"
"LastEdge","Default","698"
"Oriath","Default","699"
"Windir","Default","700"
"Nedilmarth","Default","701"
"Nein Ari","Default","702"
"Pic","Nine counters","703"
"Y","Default","704"
"Kints","Kints","705"
"Trike","Default","706"
"Fox and Geese","Seventeen Geese","707"
"Game of Life","Default","708"
"Yeung Luk Sz' Kon Tseung Kwan","Murray","709"
"Inkblots","Default","710"
"Tre Guti","Tre Guti","711"
"Sher Bakar","Sher Bakar","712"
"Khutka Boia","Khutka Boia","713"
"Baghchal","Baghachal","715"
"Bouge Shodra","Bouge Shodra","716"
"Tugul Shodra","Tugul Shodra","717"
"HeXentafl","Default","718"
"Bara Guti","Bara Guti","719"
"Aiyawatstani","Historical Information","720"
"Musinaykahwhanmetowaywin","Musinaykahwhanmetowaywin","721"
"Ahtarah Guti","Ahtarah Guti","722"
"Sujjua","Sujjua","723"
"Doblet","Doblet","724"
"Los Doze Canes","Los Doze Canes","725"
"Quinze Tablas","Quinze Tablas","726"
"Fallas","Fallas","727"
"Seys Dos y As","Seys Dos y As","728"
"Emperador","Emperador","729"
"Medio Emperador","Medio Emperador","730"
"Pareia de Entrada","Pareia de Entrada","731"
"Cab e Quinal","Cab e Quinal","732"
"Cab e Quinal","Fixed Die","733"
"Todas Tablas","Todas Tables","734"
"Laquet","Laquet","735"
"El Mundo","El Mundo","736"
"Alquerque de Tres","Alquerque de Tres","737"
"Tablas Astronomias","Tablas Astronomias","738"
"Nerenchi Keliya","Nerenchi Keliya","739"
"Niranchy","Niranchy","740"
"Koti Keliya","Koti Keliya","741"
"Shatren","Shatren","743"
"Chonka","Chonka","744"
"Siga (Sri Lanka)","Siga (Sri Lanka)","745"
"Sigue","Historical Information","746"
"Pahada Keliya","Pahada Keliya","748"
"Asi Keliya","Asi Keliya","749"
"Tayam Sonalu","Tayam Sonalu","750"
"Pachih","Pachih","751"
"Merimueng-rimueng","Merimueng-Rimueng","752"
"Meurimueng-rimueng Peuet Ploh","Merimueng-rimueng Peuet Ploh","753"
"Daldos","Historical Information","754"
"Daldos","Ostergaard and Gaston","756"
"Sahkku","Sahkku","757"
"Daldosa","Daldosa","759"
"At-Tab wa-d-Dukk","at-Tab wa-d-Dukk","760"
"Tablan","Tablan","761"
"Sig (Rehamna)","Historical Information","762"
"Sig (Mzab)","Sig (Mzab)","763"
"Sig (Tozeur)","Sig (Tozeur)","764"
"Bheri Bakhri","Bheri Bakri","765"
"Bagh Batti","Bagh Batti","766"
"Deleb","Deleb","767"
"Sig (Western Sahara)","Sig (Western Sahara)","768"
"Had","Had","769"
"Haretavl","Haretavl Eleven Points","770"
"Weiqi","Weiqi","772"
"T'uk T'uk","T'uk T'uk","773"
"Kharberg","Kharberg","774"
"Tauru","Tauru","775"
"Bolotudu","Bolotudu","776"
"T'oki","T'oki","777"
"Laram Wali","Laram Wali","778"
"Yote","Yote","779"
"Wure Dune","Wure Dune","780"
"Koro","Koro","781"
"Koro","Five Holes","782"
"Koro","Six Holes","783"
"Abak","Default","784"
"Pente Grammai","Locos Ludi Race","785"
"Pente Grammai","Locus Ludi Knock-Off Mode","786"
"Aksadyuta","Syed","787"
"Aksadyuta","Historical Information","788"
"Shah","Shah","789"
"Koruboddo","Koruboddo","791"
"Djara-Badakh","Djara-Badakh","792"
"Kyoto Shogi","Default","793"
"Guerrilla Checkers","Default","794"
"Um el Tuweisat","Um el Tuweisat","795"
"La'b Akila","La'b Akila","796"
"Qi Guo Xiangxi","Qi Guo Xiangxi","797"
"Sanyou Qi","Sanyou Qi","798"
"Mn","Historical Information","799"
"Coptic Game","HIstorical Information","800"
"Saqqara Game","Historical Information","801"
"Chu-Shogi","Historical Information","802"
"O-Shogi","Historical Information","803"
"Gala","Gala","804"
"Satoel","Satoel","805"
"Rimoe","Rimoe","806"
"Rimoe","Two Rimoe","807"
"Sig wa Duqqan (Houmt al-Arbah)","Sig (Houmt al-Arbah)","808"
"Sig wa Duqqan (Houmt Taourit)","Sig wa Duqqan (Houmt Taourit)","809"
"Siryu (Race)","Siryu (Race)","810"
"Siryu (War)","Siryu (War)","811"
"Natt Klab ash-Shawk","Natt Klab ash-Shawk","812"
"Chatur","Chatur","813"
"Paumecary","Paumecary","814"
"Ofanfelling","Ofanfelling","815"
"Refskak","Refskak","816"
"Mylna","Mylna","817"
"Kotra","Kotra","818"
"Ketch-Dolt","Ketch-Dolt","819"
"Dubblets","Dubblets","820"
"Currierspiel","Currierspiel","821"
"Tchela","4x6 Board","822"
"Nebakuthana","Nebakuthana","823"
"Tatsungin","Historical Information","824"
"Tsiheki","Tsiheki","827"
"Hopi Game","Historical Information","828"
"Totolospi (Cross-Shaped)","Historical Information","829"
"Patol","Patol","830"
"Patol","Fifteens","831"
"Patol","Captureless","832"
"Chantuto Game","Historical Information","833"
"Kawasukuts","Kawasukuts","834"
"Kawasukuts","Door Hazard","835"
"Owasokotz","Owasokotz Pass","836"
"Owasokotz","Owasokotz Enter","837"
"Tsaydithl","Tsaydithl","838"
"Setichch","Setichch","839"
"Set Dilth'","Set Dilth'","840"
"Ancestral Apache Game","Historical Information","841"
"Owasakut","HIstorical Information","842"
"Sitih","Historical Information","843"
"Settilth","Historical Information","844"
"Tsi-Di'l","Historical Information","845"
"Sig (Tidikelt)","Sig (Tidikelt)","846"
"Sig (Tidikelt)","Six Stick Dice","847"
"Tasholiwe","Tasholiwe","848"
"Hue-Ta-Quee-Che-Ka","Historical Information","849"
"Tawfa","Tawfa","850"
"Abrobad","Default","851"
"Wellisch Chess","Default","852"
"Starchess","Default","853"
"Mini Hexchess","Default","854"
"Glinski Chess","Default","855"
"Brusky Chess","Default","856"
"McCooey Chess","Default","857"
"De Vasa Chess","Default","858"
"Shafran Chess","Default","859"
"Tugea","Historical Information","861"
"Caseheapana","Historical Information","862"
"Pasit","Pasit","863"
"Barjis","Barjis","864"
"Hex Amazons","Default","865"
"Edris a Jin","Historical Information","866"
"Barjiss","Historical Information","867"
"Bargese","Bargese","868"
"Pachiz","Pachiz","870"
"Aasha","Ruby Daniel","871"
"Main Tapak Empat","Main Tapak Empat","872"
"Main Pacheh","Main Pacheh","873"
"Sheng Guan Tu","Historical Information","874"
"Dama (Philippines)","Dama (Philippines)","875"
"Moo","Moo","876"
"Jeu de Renard","Jeu de Renard","877"
"Jeu de Renard (Two Foxes)","Jeu de Renard (Two Foxes)","878"
"Damas","Damas","879"
"Dama (Italy)","Dama (Italy)","880"
"Nagarjunakonda Game","Historical Information","881"
"Pleasant Draughts","Pleasant Draughts","882"
"Shashki","Shashki","883"
"The Babylonian","The Babylonian","884"
"Diagonal Draughts","Diagonal Draughts","885"
"Ferses","Historical Information","886"
"Maleys","Maleys","887"
"Bhubaneswar Game","Historical Information","888"
"RootZone","Default","889"
"Unnamed Dutch Draughts Game","Unnamed Dutch Draughts Game","890"
"Coc-Inbert","Coc-Inbert","891"
"Da Ma (Song)","Historical Information","892"
"Yijing Ma","Historical Information","893"
"Panjikent Game","Historical Information","894"
"Pachesi","Pachesi","895"
"Chonpa","Chonpa","896"
"Sher Bakr","Sher-Bakr","897"
"Bagh Bandi","Bagh Bandi","898"
"Ram Tir","Ram Tir","899"
"Pam Pait","Pam Pait","900"
"Bam Blang Beh Khla","Bam Blang Beh Khla","901"
"Mawryngkneng Solitaire Game","Mawryngkneng Solitaire Game","902"
"Tule Paid","Tule Paid","903"
"Mughal Pathan","Mughal Pathan","905"
"Kaua Dorki","Kaua Dorki","906"
"Challis Ghutia","Challis Gutia","907"
"Tuk Tak","Tuk Tak","908"
"Bara Guti (Bihar)","Bara Guti (Bihar)","909"
"Bagha Guti","Bagha Guti","910"
"Bis Gutiya","Bis Gutiya","911"
"Challis Ghutia (Titagarh)","Challis Ghutia (Titagarh)","912"
"Orissa Tiger Game (Four Tigers)","Orissa Tiger Game (Four Tigers)","913"
"Orissa Tiger Game (One Tiger)","Orissa Tiger Game (One Tiger)","914"
"Kulaochal","Kulaochal","915"
"Lam Turki","Lam Turki","916"
"Pentalpha","Pentalpha","917"
"Do Guti","Do Guti","918"
"Nao Gutiya Baithaneka","Nao Gutiya Baithaneka","919"
"Omangunta Peeta","Omangunta Peeta","920"
"Sat Gol","Sat Gol","921"
"Senet","Kendall","922"
"Senet","Kendall Five Pieces","923"
"Senet","Kendall Starting Throw","924"
"Senet","Kendall Trap","925"
"Senet","Kendall Home Row","926"
"Senet","Kendall Five Pieces Starting Throw","927"
"Senet","Kendall Five Pieces Trap","928"
"Senet","Kendall Five Pieces Home Row","929"
"Senet","Kendall Starting Throw Trap","930"
"Senet","Kendall Starting Throw Home Row","931"
"Senet","Kendall Trap Home Row","932"
"Senet","Kendall Five Pieces Starting Throw Trap","933"
"Senet","Kendall Starting Throw Trap Home Row","934"
"Senet","Kendall Five Pieces Trap Home Row","935"
"Senet","Kendall Five Pieces Starting Throw Home Row","936"
"Senet","Kendall All Options","937"
"Senet","Piccione","938"
"Senet","Jequier","939"
"Pachgarhwa","Pachgarhwa","940"
"Nao Guti","Nao Guti","941"
"Vijayanagara Game","Historical Information","942"
"San-Noku-Narabe","San-Noku-Narabe","943"
"Nine Holes","Nine Holes","945"
"Epelle","Epelle","946"
"Six-Penny Madell","Six-Penny Madell","947"
"Tapatan","Tapatan","948"
"Liu Tsi","Liu Tsi","949"
"Akidada","Akidada","950"
"Fanorona Telo","Fanorona Telo","951"
"Driesticken","Driesticken","952"
"Sam K'i","Sam K'i","953"
"Oumoul Kono","Oumoul Kono","954"
"Triodi","Triodi","955"
"Triodi (Diagonal)","Triodi (Diagonal)","956"
"Marelle Triple","Marelle Triple","957"
"Picaria (Large)","Historical Information","958"
"Kuang","Historical Information","959"
"Ufuba wa Hulana","Historical Information","960"
"Lam Pusri","Lam Pusri","961"
"Yasasukari Musashi","Historical Information","962"
"Tumbleweed","Default","963"
"Gale","Default","964"
"Lontu-Holo","Lontu Holo","965"
"Lontu-Holo","Alternate Opening 1","966"
"Lontu-Holo","Alternate Opening 2","967"
"Lontu-Holo","Alternate Opening 3","968"
"Alquerque de Nueve","Historical Information","969"
"Sumi Naga Game (Hunt)","Sumi Naga Game (Hunt)","970"
"Sumi Naga Game (War)","Sumi Naga Game (War)","971"
"Terhuchu (Small)","Terhuchu (Small)","972"
"Terhuchu (Small)","Eight pieces","973"
"BoxOff","Default","974"
"Badami Game","Historical Information","975"
"Kawade Kelia","Kawade Kelia","976"
"Gavalata","Gavalata","977"
"Forcado","Forcado","979"
"Rimau-Rimau (One Tiger)","Rimau-Rimau (One Tiger)","980"
"Rimau-Rimau (Two Tigers)","Rimau-Rimau (Two Tigers)","981"
"Rimau-Rimau (Two Tigers)","Tigers on Central Point","982"
"Dam (Singapore)","Dam (Singapore)","983"
"Jeu du Renard et de la Poule","Jeu du Renard et de la Poule","984"
"Len Cua Kin Ngoa","Len Cua Kin Ngoa","985"
"Len Doat","Len Doat","986"
"Mak Khom","Historical Information","987"
"Renard et les Poules","Renard et les Poules","988"
"Renard et les Poules","Orthogonal Fox","989"
"Renard et les Poules","Orthogonal Fox Diagonal Capture","990"
"Len Sake","Historical Information","991"
"Mudrunggum","Historical Information","992"
"Bagh Bukree","Historical Information","993"
"Chuki (Java)","Historical Information","994"
"Machanan","Historical Information","995"
"Lupo e Pecore","Historical Information","996"
"Piprjall","Piprjall","997"
"Diagonal Hex","Default","998"
"Broken Line","Default","999"
"Boolik","Boolik","1000"
"Puluc","Puluc","1001"
"Dhola","Historical Information","1002"
"Chungcajon","Chungcajon","1003"
"Buga Nokhoi","Historical Information","1004"
"Ijil Buga","Historical Information","1005"
"Ikh Buga","Historical Information","1006"
"Temeen Tavag","Temeen Tavag","1007"
"Temeen Tavag","Dorvon Bux","1008"
"Dorvon Cag","Dorvon Cag","1009"
"Gurvan Xudag","Gurvan Xudag","1010"
"Phase Chess","Default","1011"
"Breakthrough Chess","Default","1012"
"Breakthrough Checkers","Default","1013"
"Ultimate Chess","Default","1014"
"Uxrijn Ever","Uxrijn Ever","1015"
"Neg Tugal Tuux","Neg Tugal Tuux","1016"
"Uulyn Buga","Historical Information","1017"
"Talyn Buga","Historical Information","1018"
"Ix Buga","Historical Information","1019"
"Lothal Game","Historical Information","1020"
"Gauntlet","Default","1021"
"Engijn Zirge","Engijn Zirge","1022"
"Altan Xaraacaj","Altan Xaraacaj","1023"
"Xonin Shatar (Simple)","Xonin Shatar","1024"
"Xonin Shatar (Complex)","Xonin Shatar (Complex)","1025"
"Gurgaldaj","Gurgaldaj","1026"
"Xanan Zirge","Xanan Zirge","1027"
"Jeson Zam","Jeson Zam","1028"
"Tavan Tal","Tavan Tal","1029"
"Zurgaan Tal","Zurgaan Tal","1030"
"One-Eyed Go","Default","1031"
"Davxar Zirge (Type 1)","Historical Information","1032"
"Davxar Zirge (Type 2)","Historical Information","1033"
"Aralzaa","Aralzaa","1034"
"Jeson Mor","Jeson Mor","1035"
"Bajr","Bajr Small","1036"
"Bajr","Bajr Medium","1037"
"Bajr","Bajr Large","1038"
"Toono","Toono","1039"
"Boxijn Barildaan","Boxijn Barildaan","1040"
"Xarajlt","Xarajlt","1041"
"Buudal","Buudal","1042"
"Doov","Doov","1043"
"Dorvolz","Dorvolz","1044"
"Ssang-Ryouk","Ssang-Ryouk","1045"
"Patok","Patok","1046"
"Tables Rabbatuees","Dames Rabbatuees","1047"
"Gwyddbwyll","Historical Information","1048"
"Crossway","Default","1049"
"Main Dam","Main Dam","1050"
"Pancha Keliya (Complex)","Historical Information","1051"
"Pancha (Mahabalipuram)","Historical Information","1052"
"Pancha (Mahabalipuram with Loop)","Historical Information","1053"
"Pancha (Mahabalipuram with Double Loop)","Historical Evidence","1054"
"Bajii","Historical Information","1055"
"Mankala","Mankala","1056"
"Dris at-Talata","Dris at-Talata","1057"
"Dris et-Tessa","Historical Information","1058"
"Dris et-Tessa (Diagonals)","Historical Information","1059"
"Frangieh","Frangieh","1060"
"Mughrabieh","Mughrabieh","1061"
"Mahbouseh","Mahbouseh","1062"
"Yahoudieh","Yahoudieh","1063"
"Julbahar","Julbahar","1064"
"Manqalah","Historical Information","1065"
"Qirq","Historical Information","1066"
"Ethiopian Capture Game","Ethiopian Capture Game","1067"
"Vela","Vela","1068"
"Choko","Choko","1069"
"Yakamaido","Historical Information","1070"
"Poprad Game","Historical Information","1071"
"Janes Soppi","Janes Soppi","1072"
"Janes Soppi (Symmetrical)","Janes Soppi (Symmetrical)","1073"
"Riga Game","Historical Information","1074"
"Wolf und Schaaf","Wolf und Schaaf","1075"
"Tokkadille","Tokkadille","1076"
"Lange Puff","Lange Puff","1077"
"Contrare Puff","Contrare Puff","1078"
"Kiz Tavlasi","Kiz Tavlasi","1079"
"Roman Merels","Historical Information","1080"
"Roman Small Merels","Historical Information","1081"
"Hund efter Hare (Thy)","Hund efter Hare (Thy)","1082"
"Hund efter Hare (Vendsyssel)","Hund efter Hare (Vendsyssel)","1083"
"Gasetavl","Gasetavl","1084"
"Gasetavl (Gedved)","Gasetavl (Gedved)","1085"
"Haretavl (Horsens)","Historical Information","1086"
"Solitario","Historical Information","1087"
"Dam Hariman","Dam Hariman","1088"
"Lay Gwet Kyah","Historical Information","1089"
"Sua Ghin Gnua","Historical Information.","1090"
"Tabal","Historical Information","1091"
"Moo (Hunt)","Historical Information","1092"
"Mamatjang-Matjang","Historical Information","1093"
"Gala (Buginese)","Gala (Buginese)","1094"
"Rongmei Naga Alignment Game","Historical Information","1095"
"Mao Naga Tiger Game","Mao Naga Tiger Game","1096"
"Manipur Capturing Game","Historical Information","1097"
"Rongmei Naga Capturing Game","Historical Information","1098"
"Rongmei Naga Hunt Game","Historical Information","1099"
"Esa Hex","Default","1100"
"El-Mahasna Game","Historical Information","1101"
"Selayar Game","Historical Information","1102"
"Damdaman","Historical Information","1103"
"Maling'an","Historical Information","1104"
"Upper Hand","Default","1105"
"Bison","Default","1106"
"Oust","Default","1107"
"Paitariya","Historical Information","1108"
"Manu","Manu","1109"
"Double Fox and Geese","Historical Information","1110"
"Treble Fox and Geese","Historical Information","1111"
"Baralie","Baralie","1112"
"Imperial","Imperial","1113"
"Myles","Myles","1114"
"Provincial","Provincial","1115"
"Ludus Anglicorum","Ludus Anglicorum","1116"
"Ludus Anglicorum","Throw of 6","1117"
"Ludus Anglicorum","Player's Choice","1118"
"Ludus Anglicorum","Opponent's Choice","1119"
"Ludus Lombardorum","Ludus Lombardorum","1120"
"Jacquet de Versailles","Jacquet de Versailles","1121"
"Jacquet","Jacquet","1122"
"Garanguet","Garanguet","1123"
"Bakkis","Historical Information","1124"
"Panchi","Panchi","1125"
"Thaayam","Thaayam","1126"
"Mysore Tiger Game","Mysore Tiger Game","1127"
"Mysore Tiger Game (Three Tigers)","Mysore Tiger Game (Three Tigers)","1128"
"Mysore Tiger Game (Two Tigers)","Mysore Tiger Game (Two Tigers)","1129"
"Padaivettu","Padaivettu","1130"
"Apit","Historical Information","1131"
"Borobodur Game","Historical Information","1132"
"Sig (Dguache)","Historical Information","1133"
"Fang","Fang","1134"
"Four-Fang","Historical Information","1135"
"Cheng Fang Cheng Long","Historical Information","1136"
"Seven-Fang","Historical Information","1137"
"Eleven-Fang","Historical Information","1138"
"Huli-Mane Ata","Huli-Mane Ata","1139"
"Pulijudamu","Pulijudamu","1140"
"Wan Fu Cave Game","Historical Information","1141"
"Infuse","Default","1142"
"Bravalath","Default","1143"
"Tic-Tac-Die","Default","1144"
"Triple Tangle","Default","1145"
"Maze","Default","1146"
"Hoshi","Default","1147"
"Sudoku X","Default","1148"
"Anti-Knight Sudoku","Default","1149"
"Sudoku Mine","Default","1150"
"Sujiken","Default","1151"
"Dice Chess","Default","1152"
"Refugia","Default","1153"
"Tridoku","Default","1154"
"Monty Hall Problem","Default","1155"
"Samurai Sudoku","Default","1156"
"Mastermind","Default","1157"
"Fibonacci Nim","Default","1158"
"Hops-a-Daisy Generalized","Default","1159"
"King's Valley","Default","1160"
"Order and Chaos","Default","1161"
"Gioco dell'Orso","Gioco dell'Orso","1163"
"Le Jeu de Gendarmes et de Voleur","Le Jeu des Gendarmes et de Voleur","1164"
"Lievre","Historical Information","1165"
"To Kinegi tou Lagou","To Kynegi tou Lagou","1166"
"Kiust Oyun","Kiust Oyun","1167"
"Issiren","Issiren","1168"
"Ishighan","Ishighan","1169"
"Yut Nori","Yut Nori","1170"
"Tic-Tac-Toe Misere","Default","1171"
"Leoncito","Leoncito","1172"
"Phanjika","Historical Information","1173"
"Raquithue","Hsitorical Information","1174"
"La Yagua","La Yagua","1175"
"Quendo","Circular Board","1176"
"Udat Pagada","Udat Pagada","1177"
"O Shogi (Futsu Shodo-Shu)","Historical Information","1178"
"Wuzi","Historical Information","1179"
"Tanqi","Historical Information","1180"
"Mig Mang","Mig Mang","1181"
"Yi","Historical Information","1182"
"Sanguo Xiangxi","Historical Information","1183"
"Residuel","Default","1184"
"Ex Nihilo","Default","1185"
"Mongolian Chess","Mongolian Chess","1186"
"Cai Xuan","Historical Information","1187"
"Suffragetto","Default","1188"
"Sik","Sik","1189"
"Boukerourou","Boukerourou","1190"
"Sig (Mauritania)","Sig (Mauritania)","1191"
"Dimraw","Dimraw","1192"
"Uturu Uturu Kaida","Uturu Uturu Kaida","1193"
"Nama","Nama","1194"
"Piaf","Historical Information","1195"
"Paradis","Paradis","1197"
"Tama","Wikipedia","1198"
"Omnidirectional Draughts","Default","1199"
"Uril","Uril","1200"
"Alkarhat","Historical Information","1201"
"Shanzak Kammar","Shanzak Kammar","1202"
"Dum Blas","Dum Blas","1203"
"Ludus Rebellionis (Asymmetric)","Historical Information","1205"
"Russian Fortress Chess","Russian Fortress Chess","1206"
"Schuster","Schuster","1208"
"Buffa de Baldrac","Buffa de Baldrac","1209"
"Shing Kun T'o (Qing Dynasty)","Historical Information","1210"
"Tjyong Kyeng To","Historical Information","1211"
"Han Guan Yi","Historical Information","1212"
"Callanish","Default","1213"
"E-Sugoroku","Historical Information","1214"
"Jodo Sugoroku","Historical Information","1215"
"Caixuan Baiguan Duo","Historical Information","1218"
"Hulu Wen","Historical Information","1219"
"Wo Shuo","Historical Information","1220"
"Chang Xing","Historical Information","1221"
"Tap Urdy","Tap Urdy","1222"
"Chuka","Chuka","1223"
"Throngs","Default","1224"
"Warra","Historical Information","1225"
"Unlur","Default","1226"
"Nuktagaq","Nuktagaq","1227"
"Dablot Prejjesne","Dablot Prejjesne","1228"
"Tavelspel","Tavelspel","1229"
"Dablo (Small)","Historical Information","1230"
"Dablo (Large)","Historical Information","1231"
"Tsukkalavde","Tsukkalavde","1232"
"Tablo","Tablo","1233"
"Ohohla","Historical Information","1234"
"Nin Adnai Kit Adnat","Historical Information","1235"
"Kokonag'n","Historical Information","1236"
"Manmadoangn","Historical Information","1237"
"Wakanpamungthae","Historical Information","1238"
"Macheng","Historical Information","1239"
"Lu Qi","Historical Information","1240"
"Lian Qi (A-Type)","Historical Information","1241"
"Three Musketeers","Default","1242"
"Damenspiel","Damenspiel","1245"
"Damspel","Damspel","1246"
"Yup'ik Checkers","Historical Information","1250"
"Leap Frog","Default","1251"
"Verquere","Verquere","1252"
"Ovalhu","Ovalhu","1254"
"Morahha","Historical Information","1255"
"Sai","Historical Information","1257"
"Katro","Katro","1258"
"Abanga","Historical Information","1259"
"Dodgem","Default","1260"
"Matoe","Historical Information","1261"
"Erherhe","Erherhe","1262"
"Adjito","Adjito","1263"
"Ouri","Historical Information","1264"
"Mandinka Game","Historical Information","1265"
"Worra","Historical Information","1266"
"Ashanti Draughts","Historical Information","1267"
"Isolation","Default","1268"
"Ashanti Alignment Game","Historical Information","1269"
"Cage","Default","1270"
"Tami","Historical Information","1271"
"DuploHex","Default","1272"
"Benin Mancala Game","Historical Information","1273"
"Gabatta","Historical Information","1274"
"Matara Game","Historical Information","1275"
"Qarqis","Historical Information","1276"
"Luuth","Luuth","1278"
"Isafuba","Historical Information","1279"
"Moruba","Moruba","1280"
"Andot","Andot","1281"
"Ryakati","Ryakati","1282"
"Otep","Otep","1283"
"Lobudok","Lobudok","1284"
"Mlabalaba","Mlabalaba","1285"
"Zola","Default","1286"
"Tsoro","Tsoro","1287"
"Tsoro Yemutwelve","Tsoro Yemutwelve","1288"
"Tsoro Yemutatu","Tsoro Yemutatu","1289"
"Misoro Tsoro","Misoro Tsoro","1290"
"Misoro Tsoro (Additional Capture)","Misoro Tsoro (Additional Capture)","1291"
"Misoro Tsoro","Extra Counters","1292"
"Misoro Tsoro (Additional Capture)","Extra Counters","1293"
"Musoro Tsoro","Musoro Tsoro","1294"
"Tsoro (Additional Capture)","Tsoro (Additional Capture)","1295"
"Tsoro (Reentered Captures)","Tsoro (Reentered Captures)","1296"
"Chaturanga","Elephant Diagonal Jump","1297"
"Chaturanga","Elephant Diagonal Move","1298"
"Serup","Historical Information","1300"
"Barail","Historical Information","1301"
"Adi","Adi","1302"
"Atidada","Historical Information","1303"
"Adidada","Adidada","1304"
"Duene","Duene","1305"
"Yovodi","Yovodi","1306"
"Ti","Ti","1307"
"Shono","Shono","1308"
"Shono","Children","1309"
"Njombwa","Njombwa","1310"
"Njombwa (One Counter)","Njombwa (One Counter)","1311"
"Njombwa (Two Counters)","Njombwa (Two Counters)","1312"
"Nsolo","Nsolo","1313"
"Chiana wa Kunja","Chiana wa Kunja","1314"
"Chiana wa Bwalo","Chiana wa Bwalo","1315"
"Greater","Default","1316"
"Greatest Loss","Default","1317"
"Level Chess","Default","1318"
"Tsoro (Baia)","Tsoro (Baia)","1319"
"Msuwa","Msuwa","1320"
"Msuwa wa Kunja","Msuwa wa Kunja","1321"
"Sute","Sute","1322"
"Shisen-Sho","Default","1323"
"Bukharan Shatranj","Historical Information","1324"
"Persian Chess with a Queen","Persian Chess with a Queen","1325"
"Tuvinian Chess","Historical Information","1326"
"Goats Wintering","Default","1327"
"Samantsy","Historical Information","1328"
"Tenjiku Shogi","Historical Information","1329"
"Lombard Chess","Lombard Chess","1330"
"Schachzabel","Schachzabel","1331"
"Long Assize","Long Assize","1332"
"Short Assize","Short Assize","1333"
"Skak","Skak","1334"
"Xiangqi (Song)","Historical Information","1335"
"Dai Shogi","Historical Information","1336"
"Dai Dai Shogi","Historical Information","1337"
"Maka Dai Dai Shogi","Historical Information","1338"
"Tai Shogi","Historical Information","1339"
"Wa Shogi","Historical Information","1340"
"Heian Sho Shogi","Historical Information","1341"
"Heian Dai Shogi","Historical Information","1342"
"Ngre E E","Ngre E E","1343"
"Katsela","Katsela","1344"
"Tswana Game","Historical Information","1345"
"Ntyenge","Ntyenge","1346"
"Renette","Historical Information","1347"
"Kanga","Historical Information","1348"
"Owana","Historical Information","1349"
"Ga","Historical Information","1350"
"Ngaya","Historical Information","1351"
"Kitende","Historical Information","1352"
"Ngrin","Ngrin","1353"
"Greater Loss","Default","1354"
"Greater Even Loss","Default","1355"
"Nzengue (Small)","Nzengue (Small)","1356"
"Nzengue (Large)","Historical Information","1357"
"Banyarwanda Mill Game","Historical Information","1358"
"Dintja le Nmutla","Historical Information","1359"
"Rwandan Hunt Game","Historical Information","1360"
"Rwandan Alignment Game","Historical Information","1361"
"Umrabaraba","Historical Information","1362"
"Raeo","Historical Information","1363"
"Ngola","Ngola","1364"
"Kisolo (Lali)","Kisolo (Lali)","1365"
"Ngolo","Ngolo","1366"
"10-Ring","Historical Information","1367"
"Asalto","Asalto","1368"
"Dasapada","Historical Information","1369"
"Hujura","Historical information","1370"
"Sgjough","Historical Information","1371"
"Malomjatek","Historical Information","1372"
"Duqurjin","Historical Information","1373"
"Mbenga Alignment Game","Historical Information","1374"
"Fetach","Fetach","1375"
"Gwangsanghui","Historical Information","1376"
"Gala (Chess Variant)","Gala (Chess Variant)","1377"
"Tams","Tams","1378"
"Pasang","Broken into Pieces","1379"
"Medieval Gabata","Historical Information","1380"
"Gamacha","Gamacha","1381"
"Gamacha (Nobility)","Gamacha (Nobility)","1382"
"Ngulungu","Ngulungu","1383"
"Lisolo","Lisolo","1384"
"Nchayo","Nchayo","1385"
"Crand","Crand","1386"
"Khreibga","Historical Information","1387"
"HexTrike","Default","1388"
"Master Y","Default","1389"
"Coil","Default","1390"
"3D Tic-Tac-Toe","Default","1391"
"I","I","1392"
"Che Lo","Historical Information","1393"
"Cashlan Gherra","Historical Information","1394"
"Xiangqi (Trigault)","Historical Information","1395"
"Spartan Chess","Default","1396"
"Tabu Y","Default","1397"
"Damii","Damii","1398"
"American Pool Checkers","American Pool Checkers","1399"
"Fivalath","Default","1400"
"Unfair","Default","1401"
"Alquerque de Doze (Portugal)","Default","1402"
"Yaguarete Kora","Yaguarete Kora","1403"
"Pippinzip","Default","1404"
"Pippinzip (Zipline variant)","Default","1405"
"Sakko","Historical Informaation","1406"
"Riga","Historical Information","1407"
"Sfenj","Historical Information","1410"
"Chandaraki","Chandaraki","1411"
"Pente","Default","1412"
"Keryo-Pente","Default","1413"
"Adzua","Historical Information","1414"
"Scachs","Scachs","1415"
"Adzua (Children)","Historical Information.","1416"
"Tsatsarandi","Tsatsarandi","1417"
"Dig Dig","Dig Dig","1418"
"Six Insect Game","Six Insect Game","1419"
"Damat","Historical Information","1420"
"Mini Wars","Default","1421"
"Spana","Historical Information","1422"
"Fortresse","Fortresse","1423"
"Dodekapetro","Historical Information","1424"
"BlooGo","Default","1425"
"Shakhmaty","Shakhmaty","1426"
"Shakhmaty (Medieval)","Historical Information","1427"
"Shakhmaty (Early Modern)","Historical Information","1429"
"Korkserschach","Korkserschach","1430"
"Welschschach","Welschchach","1431"
"Shatranj al-Kabir (Constantinople)","Historical Information","1432"
"Shatranj (Algeria)","Shatranj (Algeria)","1433"
"Shatranj (Egypt)","Historical Information","1434"
"Medieval Chess","Medieval Chess","1435"
"Shatranj (Turkey)","Shatranj (Turkey)","1436"
"MacBeth","Default","1437"
"Shatranj (Iraq)","British Museum","1438"
"Acedrex (Alfonso)","Acedrex","1439"
"Chaturanga (al-Biruni)","Historical Information","1441"
"Four-Player Chaturanga (al-Biruni)","Al-Biruni","1442"
"Triodi (Chios)","Triodi (Chios)","1443"
"Tavlej","Historical Information","1444"
"Chaturanga (al-Adli)","Al-Adli","1445"
"Krida Buddhibalasrita","Krida Buddhibalasrita","1446"
"Chaturanga (Payagunda)","Historical Information","1447"
"Sarvatobhadra","Sarvatobhadra","1448"
"Four-Handed Chaturanga","Historical Information","1449"
"Chaturanga (Kridakausalya)","Kridakausalya","1450"
"Cittabhramanrpasya Khelanam","Cittabhramanrpasya Khelanam","1451"
"Tai Shogi","Wikipedia","1452"
"Chaturanga (14x14)","Hariharacaturanga","1453"
"Jiu Zi Xian Qi","Jiu Zi Xian Qi","1454"
"Chatrang","Chatrang","1455"
"Smasandyutakankarikrida","Historical Information","1459"
"Caturvimsatikosthakatmiki Krida","Kridakausalya","1460"
"Smasandyutakankarikrida (Allahabad)","Historical Information","1461"
"Smasandyutakankarikrida (Large Triangles)","Historical Information","1462"
"Shataranja","Shataranja","1463"
"Chaturanga (12x12)","Chaturanga (12x12)","1464"
"Breakback","Default","1465"
"Kriegsspiel","Default","1466"
"Main Chator (Batak)","Main Chator (Batak)","1467"
"Tepong","Tepong","1468"
"Main Chator (Selangor)","Main Chator (Selangor)","1470"
"Chollo","Historical Information","1471"
"Raja Pasu Mandiri","Raja Pasu Mandiri","1472"
"Andarraya","Historical Information","1473"
"Aucai","Historical Information","1474"
"Halancola","Historical Information","1475"
"Pisca","Default","1476"
"Tacanaco","Historical Information","1477"
"Comina","Historical Information","1478"
"Cumi","Historical Information","1479"
"Puma","Hsitorical Information","1480"
"Cerne Abbey Game","Historical INformation","1481"
"Sahmatloudi","Historical Information","1482"
"Ashere","Ashere","1483"
"Aime","Aime","1484"
"Sakko (Siberia)","Historical Information","1487"
"Pulijudamu (Three Tigers)","Historical Information","1488"
"Pulijudamu (Four Tigers)","Historical Information","1489"
"A-i-u","Historical Information","1490"
"Warri","Historical Information","1492"
"Draughts (12x12)","Historical Information","1493"
"La Liebre Perseguida","La Liebre Perseguida","1494"
"Vignone Game","Historical Information","1495"
"Jagga Harran pi Tappin","Historical Information","1496"
"Stenge Reven","Historical Information","1498"
"Sitta","Historical Information","1499"
"Qamish Uyuni","Qamish Uyun","1500"
"Bazi Qamish","Historical Information","1501"
"Diris","Historical Information","1502"
"Al-Qirq","Historical Information","1503"
"Flume","Default","1504"
"Bamboo","Default","1505"
"Gopher","Default","1506"
"Pathway","Default","1507"
"Wari (Alignment)","Wari (Alignment)","1508"
"Tiga","Historical Information","1509"
"Marelle Quadruple","Marelle Quadruple","1510"
"Dame","Historical Information","1511"
"Atlanbagj","Historical Information","1512"
"Los Romanos Rencontrat","Historical Information","1513"
"Svensk Bradspel","Svensk Bradspel","1514"
"Dajam","Historical Information","1515"
"Kuba Game","Historical Information","1516"
"Tama","Tama","1517"
"Uthi","Uthi","1518"
"Trique","Historical Information","1519"
"Mity","Default","1520"
"58 Holes","Parallel Connections","1521"
"58 Holes","Unmarked","1522"
"58 Holes","Marked Holes","1523"
"58 Holes","Crossover 1","1524"
"58 Holes","Crossover 2","1525"
"58 Holes","Crossover 3","1526"
"58 Holes","Crossover 4","1527"
"58 Holes","Labyrinth","1528"
"Omny","Default","1529"
"Bashni","Bashni","1530"
"Faraday","Default","1531"
"Claustro","Default","1532"
"Shobu","Default","1533"
"Agilidade","Default","1534"
"Pentago","Default","1535"
"Quarto","Default","1536"
"Breakthru","Default","1537"
"Goldilocks Stones","Default","1538"
"Quoridor","Default","1539"
"Quixo","Default","1540"
"Quantik","Default","1541"
"Pylos","Default","1542"
"Squadro","Default","1543"
"Knossos Game","Historical Information","1544"
"Tenjiku Shogi","Wikipedia","1545"
"Let's Catch the Lion","Default","1546"
"Rolit","Default","1547"
"Brain Coral","Default","1548"
"Windflowers","Default","1549"
"Dodo","Default","1550"
"Battleships","Default","1551"
"Seesaw","Default","1552"
"Cumisitha","Historical Information","1553"
"Meridians","Default","1554"
"Wali","Wali","1555"
"Gyre","Default","1556"
"Fifangha","HIstorical Information","1557"
"Resolve","Default","1558"
"Ludus Rebellionis 1","Cesena","1559"
"Ludus Rebellionis 2","Cesena","1560"
"Ludus Rebellionis 1","Perugia","1561"
"Ludus Rebellionis 2","Perugia","1562"
"Tsoro Yemutatu (Triangle)","Tsoro Yemutatu (Triangle)","1563"
"Udat Pagada","Throw of Thirty","1564"
"Hermit","Default","1565"
"Dongjintian (Four Players)","Dongjintian (Four players)","1566"
"Bao","Bao","1567"
"Ravtablo","Historical Information","1568"
"Wargtablo","Historical Infoermation","1569"
"Zuz Mel (5x5)","Zuz Mel (5x5)","1570"
"Zuz Mel (7x7)","Zuz Mel (7x7)","1571"
"Lian Qi (Bohai)","Historical Information","1572"
"Kharebga (5x5)","Kharebga (5x5)","1573"
"Kharebga (7x7)","Kharebga (7x7)","1574"
"Fart (5x5)","Fart (5x5)","1575"
"Fart (7x7)","Fart (7x7)","1576"
"Sig (El Oued)","Sig (El Oued)","1577"
"Sig (El Oued Capture)","Sig (El Oued Capture)","1578"
"T'mbl","T'mbl","1579"
"Buqruru","Buqruru","1580"
"Aqrad","Aqrad","1581"
"Tides","Tides","1582"
"Tavli (Zenon)","Historical Information","1583"
"Ruqi","Historical Information","1584"
"Morpharaoh","Default","1585"
"Yonin Shogi","Default","1586"
"Ludus Latrunculorum","Schadler 2001","1587"
"Ludus Latrunculorum","Locus Ludi Seneca","1588"
"Ludus Latrunculorum","Locus Ludi Piso","1589"
"Ludus Latrunculorum","6x6 (Seega Rules)","1590"
"Ludus Latrunculorum","6x6 (Kharebga Rules)","1591"
"Ludus Latrunculorum","6x7 (Seega Rules)","1592"
"Ludus Latrunculorum","6x7 (Kharebga Rules)","1593"
"Ludus Latrunculorum","6x8 (Seega Rules)","1594"
"Ludus Latrunculorum","6x8 (Kharebga Rules)","1595"
"Ludus Latrunculorum","7x8 (Seega Rules)","1596"
"Ludus Latrunculorum","7x8 (Kharebga Rules)","1597"
"Ludus Latrunculorum","8x8 (Seega Rules)","1598"
"Ludus Latrunculorum","8x8 (Kharebga Rules)","1599"
"Ludus Latrunculorum","8x9 (Seega Rules)","1600"
"Ludus Latrunculorum","8x9 (Kharebga Rules)","1601"
"Ludus Latrunculorum","10x10 (Seega Rules)","1602"
"Ludus Latrunculorum","10x10 (Kharebga Rules)","1603"
"Poprad Game","17x17 (Seega Rules)","1604"
"Poprad Game","17x17 (Kharebga Rules)","1605"
"Poprad Game","17x17 (Tablut Rules)","1606"
"Poprad Game","17x18 (Seega Rules)","1607"
"Poprad Game","17x18 (Kharebga Rules)","1608"
"Ludus Latrunculorum","11x16 (Seega Rules)","1609"
"Ludus Latrunculorum","11x16 (Kharebga Rules)","1610"
"Poprad Game","17x17 (Tablut Rules More Pieces)","1611"
"Mulabalaba","Mulabalaba","1612"
"Ludus Latrunculorum","9x10 (Seega Rules)","1613"
"Ludus Latrunculorum","9x10 (Kharebga Rules)","1614"
"Hexshogi","Default","1616"
"Unashogi","Default","1618"
"Unachess","Default","1619"
"Four-Player Chess","Default","1620"
"Qatranj","Qatranj","1621"
"MiniXiangqi","Default","1622"
"Xiang Hex","Default","1623"
"Labirintus","Default","1624"
"Tank Tactics","Default","1625"
"Wari","Wari","1626"
"Shatranj (12x12)","Shatranj (12x12)","1627"
"Shatranj (14x14)","Shatranj (14x14)","1628"
"Samoan Game","Historical Information","1629"
"Konane","8x8 Konane","1630"
"Konane","8x11 Konane","1631"
"Konane","8x13 Konane","1632"
"Konane","9x9 Konane","1633"
"Konane","9x10 Konane","1634"
"Konane","9x13 Konane","1635"
"Konane","11x11 Konane","1636"
"Konane","11x13 Konane","1637"
"Konane","12x15 Konane","1638"
"Konane","13x13 Konane","1639"
"Konane","13x15 Konane","1640"
"Konane","13x20 Konane","1641"
"Konane","14x17 Konane","1642"
"Konane","15x15 Konane","1643"
"Ludus Latrunculorum","11x12 (Seega Rules)","1644"
"Ludus Latrunculorum","11x12 (Kharebga Rules)","1645"
"Seesaw Draughts","Default","1646"
"Murus Gallicus","Murus Galicus","1647"
"Murus Gallicus","Advanced Murus Galicus","1648"
"Sprout-R-Out","Default","1649"
"Geister","Default","1650"
"Lava","Default","1651"
"Netted","Default","1652"
"Shogun","Default","1653"
"Gygoreg","Default","1654"
"Spava","Default","1655"
"1D Chess","Default","1656"
"Viking Chess","Default","1657"
"Lielow","Default","1658"
"HexGo","Default","1659"
"Branching Coral","Default","1660"
"Watershed","Default","1661"
"Fenix","Default","1662"
"Ikibuguzo (Opening 2)","Ikibuguzo (Opening 2)","1663"
"Pentomino","Default","1664"
"FairKalah","Default","1665"
"N-Mesh","Default","1666"
"Alice Chess","Default","1667"
"Symmetric Chess","Default","1668"
"Make Muster","Default","1669"
"Fischer Random Chess","Default","1670"
"Yavalax","Default","1671"
"Notakto","Default","1672"
"Thermenmuseum","Haretavl - No Extension Joined Diagonal","1673"
"Thermenmuseum","Haretavl - Top Extension Joined Diagonal","1674"
"Thermenmuseum","Haretavl - Both Extension Joined Diagonal","1675"
"Thermenmuseum","Haretavl - No Extension No Joined Diagonal","1676"
"Thermenmuseum","Haretavl - Top Extension No Joined Diagonal","1677"
"Thermenmuseum","Haretavl - Both Extension No Joined Diagonal","1678"
"Thermenmuseum","Haretavl Switch Players - No Extension Joined Diagonal","1679"
"Thermenmuseum","Haretavl Switch Players - Top Extension Joined Diagonal","1680"
"Thermenmuseum","Haretavl Switch Players - Both Extension Joined Diagonal","1681"
"Thermenmuseum","Haretavl Switch Players - No Extension No Joined Diagonal","1682"
"Thermenmuseum","Haretavl Switch Players - Top Extension No Joined Diagonal","1683"
"Thermenmuseum","Haretavl Switch Players - Both Extension No Joined Diagonal","1684"
"Thermenmuseum","Haretavl Two Dogs - No Extension Joined Diagonal","1685"
"Thermenmuseum","Haretavl Two Dogs - Top Extension Joined Diagonal","1686"
"Thermenmuseum","Haretavl Two Dogs - Both Extension Joined Diagonal","1687"
"Thermenmuseum","Haretavl Two Dogs - No Extension No Joined Diagonal","1688"
"Thermenmuseum","Haretavl Two Dogs - Top Extension No Joined Diagonal","1689"
"Thermenmuseum","Haretavl Two Dogs - Both Extension No Joined Diagonal","1690"
"Thermenmuseum","Haretavl Switch Players Two Dogs - No Extension Joined Diagonal","1691"
"Thermenmuseum","Haretavl Switch Players Two Dogs - Top Extension Joined Diagonal","1692"
"Thermenmuseum","Haretavl Switch Players Two Dogs - Both Extension Joined Diagonal","1693"
"Thermenmuseum","Haretavl Switch Players Two Dogs - No Extension No Joined Diagonal","1694"
"Thermenmuseum","Haretavl Switch Players Two Dogs - Top Extension No Joined Diagonal","1695"
"Thermenmuseum","Haretavl Switch Players Two Dogs - Both Extension No Joined Diagonal","1696"
"Thermenmuseum","Haretavl Three Dogs Two Hares - No Extension Joined Diagonal","1697"
"Thermenmuseum","Haretavl Three Dogs Two Hares - Top Extension Joined Diagonal","1698"
"Thermenmuseum","Haretavl Three Dogs Two Hares - Both Extension Joined Diagonal","1699"
"Thermenmuseum","Haretavl Three Dogs Two Hares - No Extension No Joined Diagonal","1700"
"Thermenmuseum","Haretavl Three Dogs Two Hares - Top Extension No Joined Diagonal","1701"
"Thermenmuseum","Haretavl Three Dogs Two Hares - Both Extension No Joined Diagonal","1702"
"Thermenmuseum","Haretavl Four Dogs Two Hares - No Extension Joined Diagonal","1703"
"Thermenmuseum","Haretavl Four Dogs Two Hares - Top Extension Joined Diagonal","1704"
"Thermenmuseum","Haretavl Four Dogs Two Hares - Both Extension Joined Diagonal","1705"
"Thermenmuseum","Haretavl Four Dogs Two Hares - No Extension No Joined Diagonal","1706"
"Thermenmuseum","Haretavl Four Dogs Two Hares - Top Extension No Joined Diagonal","1707"
"Thermenmuseum","Haretavl Four Dogs Two Hares - Both Extension No Joined Diagonal","1708"
"Thermenmuseum","Blocking Game Four pieces - No Extension Joined Diagonal","1715"
"Thermenmuseum","Blocking Game Four pieces - Top Extension Joined Diagonal","1716"
"Thermenmuseum","Blocking Game Four pieces - Both Extension Joined Diagonal","1717"
"Thermenmuseum","Blocking Game Four pieces - No Extension No Joined Diagonal","1718"
"Thermenmuseum","Blocking Game Four pieces - Top Extension No Joined Diagonal","1719"
"Thermenmuseum","Blocking Game Four pieces - Both Extension No Joined Diagonal","1720"
"Thermenmuseum","Line Game Three pieces - No Extension Joined Diagonal","1721"
"Thermenmuseum","Line Game Three pieces - Top Extension Joined Diagonal","1722"
"Thermenmuseum","Line Game Three pieces - Both Extension Joined Diagonal","1723"
"Thermenmuseum","Line Game Three pieces - No Extension No Joined Diagonal","1724"
"Thermenmuseum","Line Game Three pieces - Top Extension No Joined Diagonal","1725"
"Thermenmuseum","Line Game Three pieces - Both Extension No Joined Diagonal","1726"
"Thermenmuseum","Jeu Militaire - No Extension Joined Diagonal","1727"
"Thermenmuseum","Jeu Militaire - No Extension No Joined Diagonal","1728"
"Thermenmuseum","Jeu Militaire Switch Players - No Extension Joined Diagonal","1729"
"Thermenmuseum","Jeu Militaire Switch Players - No Extension No Joined Diagonal","1730"
"Astralesce and Constellation","Default","1731"
"Conflagration and Keep-a-riding","Default","1732"
"Don't Mosey and The Last Scavenger","Default","1733"
"Double-Move Situ","Default","1734"
"Loop Xiangqi","Default","1735"
"Chaturanga (Kridakausalya 14x14)","Chaturanga (Kridakausalya 14x14)","1736"
"Dogtown Clans","Default","1737"
"The Concentration Game","Three Counters","1738"
"The Concentration Game","Four Counters","1739"
"The Concentration Game","Five Counters","1740"
"Pasakakrida (Type 1)","Two Four-Sided Dice","1741"
"Pasakakrida (Type 1)","Two Cubic Dice","1742"
"Pasakakrida (Type 1)","Three Cubic Dice","1743"
"Pasakakrida (Type 2)","Two Four-Sided Dice","1744"
"Pasakakrida (Type 2)","Three Four-Sided Dice","1745"
"Pasakakrida (Type 2)","Two Six-Sided Dice","1746"
"Pasakakrida (Type 2)","Three Six-Sided Dice","1747"
"Pasakakrida (Type 3)","Two Four-Sided Dice","1748"
"Pasakakrida (Type 3)","Three Four-Sided Dice","1749"
"Pasakakrida (Type 3)","Two Six-Sided Dice","1750"
"Pasakakrida (Type 3)","Three Six-Sided Dice","1751"
"Pasakakrida (Type 4)","Two Four-Sided Dice","1752"
"Pasakakrida (Type 4)","Two Six-Sided Dice","1753"
"Pasakakrida (Type 4)","Three Six-Sided Dice","1754"
"Pasakakrida (Type 5)","Two Four-Sided Dice","1755"
"Pasakakrida (Type 5)","Two Six-Sided Dice","1756"
"Pasakakrida (Type 5)","Three Six-Sided Dice","1757"
"Pasakakrida (Type 6)","Two Four-Sided Dice","1758"
"Pasakakrida (Type 6)","Two Six-Sided Dice","1759"
"Pasakakrida (Type 6)","Three Six-Sided Dice","1760"
"Rabbit Warrens","Default","1761"
"Epoxy","Default","1762"
"ConHex","Default","1763"
"Agon","Default","1764"
"Monkey Queen","Default","1765"
"Jostle","Default","1766"
"Atoll","Default","1767"
"Fractal","Default","1768"
"Reach Chess","Default","1769"
"Onyx","Default","1770"
"Diamond","Default","1771"
"So Long Sucker","Default","1772"
"Iterated Prisoners Dilemma","Default","1773"
"Duidoku","Default","1774"
"Buttons And Lights","Default","1775"
"Canadian Draughts","Huff Rule","1776"
"Lights Out","Default","1777"
"Barca","Default","1778"
"Dragonchess","Default","1779"
"Stratomic","Default","1780"
"Atomic Chess","Default","1781"
"Beirut Chess","Default","1782"
"Um el-Bil","Six Holes","1783"
"Chessence","Default","1784"
"Um el-Bil","Seven Holes","1785"
"Um el-Bil","Eight Holes","1786"
"Addi Kul","Addi Kul","1787"
"El-Mthaltha","El-Mthalatha","1788"
"Es-Sig","Es-Sig","1789"
"Balkan Mancala","Historical Information","1790"
"Al-Andalus Game","Historical Informatiom","1791"
"Official Football Chess","Default","1792"
"Football Chess","Default","1793"
"Lelac","Default","1794"
"Quick Chess","Default","1795"
"4 Squared","Default","1796"
"Archimedes","Default","1797"
"Annuvin","Default","1798"
"A Simple Game","Default","1799"
"Cascades","Default","1800"
"Louis XVI","Default","1801"
"Bombardment","Default","1802"
"Diagonals","Default","1803"
"Product","Default","1804"
"Fission","Default","1805"
"First Attack","Default","1806"
"Lewthwaite's Game","Default","1807"
"Forge","Default","1808"
"Minefield","Default","1809"
"Trianon","Default","1810"
"Kassle","Default","1811"
"Tara","Default","1812"
"Moxie","Default","1813"
"Troll","Default","1814"
"Kanguruh","Default","1815"
"Jumping Beans","Default","1816"
"Crusade","Default","1817"
"Quad Wrangle","Default","1818"
"Diagonals (2002)","Default","1819"
"Roll-Ing to Four","Default","1820"
"Tandems","Default","1821"
"Snort","Default","1822"
"Plotto","Default","1823"
"TacTix","Default","1824"
"Ratio","Game I Simple Blocking Game","1825"
"Ratio","Game II Second Blocking Game","1826"
"Ratio","Game III Blocking Game with all sites except the bottom centre","1827"
"Ratio","Game IV Blocking Game except the centre top site","1828"
"Ratio","Game V Blocking Game with all sites","1829"
"Ratio","Game VI Modified Blocking Game with all sites","1830"
"Ratio","Game VII Easy Capturing Game","1831"
"Ratio","Game VIII Second Capturing Game","1832"
"Ratio","Game IX Third Capturing Game","1833"
"Ratio","Game X Fourth Capturing Game","1834"
"Ratio","Game XI Fifth Capturing Game","1835"
"Ratio","Game XII Capturing Game with all sites except the top centre","1836"
"Ratio","Game XIII Capturing Game with all sites except the bottom centre","1837"
"Ratio","Game XIV Capturing Game with all sites","1838"
"Thermenmuseum","Janes Soppi - No Extension Joined Diagonal","1839"
"Thermenmuseum","Janes Soppi - No Extension No Joined Diagonal","1840"
"Thermenmuseum","Janes Soppi - Both Extensions Joined Diagonal","1841"
"Thermenmuseum","Janes Soppi - Both Extensions No Joined Diagonal","1842"
"Thermenmuseum","Janes Soppi - Top Extension Joined Diagonal","1843"
"Thermenmuseum","Janes Soppi - Top Extension No Joined Diagonal","1844"
"Thermenmuseum","Haretavl Four Dogs Two Hares Starting Position 1 - No Extension Joined Diagonal","1845"
"Thermenmuseum","Haretavl Four Dogs Two Hares Starting Position 1 - No Extension No Joined Diagonal","1846"
"Thermenmuseum","Haretavl Four Dogs Two Hares Starting Position 1 - Both Extensions Joined Diagonal","1847"
"Thermenmuseum","Haretavl Four Dogs Two Hares Starting Position 1 - Both Extensions No Joined Diagonal","1848"
"Thermenmuseum","Haretavl Four Dogs Two Hares Starting Position 1 - Top Extension Joined Diagonal","1849"
"Thermenmuseum","Haretavl Four Dogs Two Hares Starting Position 1 - Top Extension No Joined Diagonal","1850"
"Thermenmuseum","Haretavl Four Dogs Two Hares Starting Position 2 - No Extension Joined Diagonal","1851"
"Thermenmuseum","Haretavl Four Dogs Two Hares Starting Position 2 - No Extension No Joined Diagonal","1852"
"Thermenmuseum","Haretavl Four Dogs Two Hares Starting Position 2 - Both Extensions Joined Diagonal","1853"
"Thermenmuseum","Haretavl Four Dogs Two Hares Starting Position 2 - Both Extensions No Joined Diagonal","1854"
"Thermenmuseum","Haretavl Four Dogs Two Hares Starting Position 2 - Top Extension Joined Diagonal","1855"
"Thermenmuseum","Haretavl Four Dogs Two Hares Starting Position 2 - Top Extension No Joined Diagonal","1856"
"Thermenmuseum","Haretavl Four Dogs Two Hares Switch Starting Position 1 - No Extension Joined Diagonal","1857"
"Thermenmuseum","Haretavl Four Dogs Two Hares Switch Starting Position 1 - No Extension No Joined Diagonal","1858"
"Thermenmuseum","Haretavl Four Dogs Two Hares Switch Starting Position 1 - Both Extensions Joined Diagonal","1859"
"Thermenmuseum","Haretavl Four Dogs Two Hares Switch Starting Position 1 - Top Extension Joined Diagonal","1861"
"Thermenmuseum","Haretavl Four Dogs Two Hares Switch Starting Position 1 - Top Extension No Joined Diagonal","1862"
"Thermenmuseum","Haretavl Four Dogs Two Hares Switch Starting Position 2 - No Extension Joined Diagonal","1863"
"Thermenmuseum","Haretavl Four Dogs Two Hares Switch Starting Position 2 - No Extension No Joined Diagonal","1864"
"Thermenmuseum","Haretavl Four Dogs Two Hares Switch Starting Position 2 - Both Extensions Joined Diagonal","1865"
"Thermenmuseum","Haretavl Four Dogs Two Hares Switch Starting Position 2 - Top Extension Joined Diagonal","1867"
"Thermenmuseum","Haretavl Four Dogs Two Hares Switch Starting Position 2 - Top Extension No Joined Diagonal","1868"
"Thermenmuseum","Haretavl Starting Position - No Extension Joined Diagonal","1869"
"Thermenmuseum","Haretavl Starting Position - No Extension No Joined Diagonal","1870"
"Thermenmuseum","Haretavl Starting Position - Both Extensions Joined Diagonal","1871"
"Thermenmuseum","Haretavl Starting Position - Both Extensions No Joined Diagonal","1872"
"Thermenmuseum","Haretavl Starting Position - Top Extension Joined Diagonal","1873"
"Thermenmuseum","Haretavl Starting Position - Top Extension No Joined Diagonal","1874"
"Thermenmuseum","Haretavl Three Dogs Two Hares Starting Position - No Extension Joined Diagonal","1875"
"Thermenmuseum","Haretavl Three Dogs Two Hares Starting Position 1 - No Extension No Joined Diagonal","1876"
"Thermenmuseum","Haretavl Three Dogs Two Hares Starting Position 2 - No Extension No Joined Diagonal","1877"
"Thermenmuseum","Haretavl Three Dogs Two Hares Starting Position - Both Extensions Joined Diagonal","1878"
"Thermenmuseum","Haretavl Three Dogs Two Hares Starting Position - Both Extensions No Joined Diagonal","1879"
"Thermenmuseum","Haretavl Three Dogs Two Hares Starting Position 1 - Top Extension Joined Diagonal","1880"
"Thermenmuseum","Haretavl Three Dogs Two Hares Starting Position 1 - Top Extension No Joined Diagonal","1881"
"Thermenmuseum","Haretavl Three Dogs Two Hares Starting Position 2 - Top Extension No Joined Diagonal","1882"
"Thermenmuseum","Haretavl Three Dogs Two Hares Starting Position 3 - Top Extension No Joined Diagonal","1883"
"Thermenmuseum","Haretavl Three Dogs Two Hares Starting Position 2 - Top Extension Joined Diagonal","1884"
"Thermenmuseum","Haretavl Two Dogs Starting Position - No Extension Joined Diagonal","1885"
"Thermenmuseum","Haretavl Two Dogs Starting Position 1 - No Extension No Joined Diagonal","1886"
"Thermenmuseum","Haretavl Two Dogs Starting Position 2 - No Extension No Joined Diagonal","1887"
"Thermenmuseum","Haretavl Two Dogs Starting Position - Both Extensions Joined Diagonals","1888"
"Thermenmuseum","Haretavl Two Dogs Starting Position - Both Extensions No Joined Diagonal","1889"
"Thermenmuseum","Haretavl Two Dogs Starting Position 1 - Top Extension Joined Diagonal","1890"
"Thermenmuseum","Haretavl Two Dogs Starting Position 2 - Top Extension Joined Diagonal","1891"
"Thermenmuseum","Haretavl Two Dogs Starting Position 1 - Top Extension No Joined Diagonal","1892"
"Thermenmuseum","Haretavl Two Dogs Starting Position 2 - Top Extension No Joined Diagonal","1893"
"Thermenmuseum","Haretavl Two Dogs Starting Position 3 - Top Extension No Joined Diagonal","1894"
"3x14 Game","Historical Information","1895"
"Thermenmuseum","Haretavl Four Dogs Two Hares Switch Starting Position 2 - Both Extensions No Joined Diagonal","1896"
"Thermenmuseum","Haretavl Four Dogs Two Hares Switch Starting Position 1 - Both Extensions No Joined Diagonal","1897"
"Haretavl","Hare Wins","1898"
"Thermenmuseum","Haretavl Switch Starting Position - No Extension Joined Diagonal","1899"
"Thermenmuseum","Haretavl Switch Starting Position - No Extension No Joined Diagonal","1900"
"Thermenmuseum","Haretavl Switch Starting Position - Both Extensions Joined Diagonal","1901"
"Thermenmuseum","Haretavl Switch Starting Position - Both Extensions No Joined Diagonal","1902"
"Thermenmuseum","Haretavl Switch Starting Position - Top Extension Joined Diagonal","1903"
"Thermenmuseum","Haretavl Switch Starting Position - Top Extension No Joined Diagonal","1904"
"Thermenmuseum","Haretavl Switch Three Dogs Two Hares Starting Position - No Extension Joined Diagonal","1905"
"Thermenmuseum","Haretavl Switch Three Dogs Two Hares Starting Position 1 - No Extension No Joined Diagonal","1906"
"Thermenmuseum","Haretavl Switch Three Dogs Two Hares Starting Position 2 - No Extension No Joined Diagonal","1907"
"Thermenmuseum","Haretavl Switch Three Dogs Two Hares Starting Position - Both Extensions Joined Diagonal","1908"
"Thermenmuseum","Haretavl Switch Three Dogs Two Hares Starting Position - Both Extensions No Joined Diagonal","1909"
"Thermenmuseum","Haretavl Switch Three Dogs Two Hares Starting Position 1 - Top Extension Joined Diagonal","1910"
"Thermenmuseum","Haretavl Switch Three Dogs Two Hares Starting Position 1 - Top Extension No Joined Diagonal","1911"
"Thermenmuseum","Haretavl Switch Three Dogs Two Hares Starting Position 2 - Top Extension No Joined Diagonal","1912"
"Thermenmuseum","Haretavl Switch Three Dogs Two Hares Starting Position 3 - Top Extension No Joined Diagonal","1913"
"Thermenmuseum","Haretavl Switch Three Dogs Two Hares Starting Position 2 - Top Extension Joined Diagonal","1914"
"Thermenmuseum","Haretavl Switch Two Dogs Starting Position - No Extension Joined Diagonal","1915"
"Thermenmuseum","Haretavl Switch Two Dogs Starting Position 1 - No Extension No Joined Diagonal","1916"
"Thermenmuseum","Haretavl Switch Two Dogs Starting Position 2 - No Extension No Joined Diagonal","1917"
"Thermenmuseum","Haretavl Switch Two Dogs Starting Position - Both Extensions Joined Diagonals","1918"
"Thermenmuseum","Haretavl Switch Two Dogs Starting Position - Both Extensions No Joined Diagonal","1919"
"Thermenmuseum","Haretavl Switch Two Dogs Starting Position 1 - Top Extension Joined Diagonal","1920"
"Thermenmuseum","Haretavl Switch Two Dogs Starting Position 2 - Top Extension Joined Diagonal","1921"
"Thermenmuseum","Haretavl Switch Two Dogs Starting Position 1 - Top Extension No Joined Diagonal","1922"
"Thermenmuseum","Haretavl Switch Two Dogs Starting Position 2 - Top Extension No Joined Diagonal","1923"
"Thermenmuseum","Haretavl Switch Two Dogs - Top Extension No Joined Diagonal - Starting Position 3","1925"
"Icebreaker","Default","1926"
"Cannon","Default","1927"
"O An Quan","Tonkin","1928"
"Co Chan Cho","Co Chan Cho","1929"
"Center","Default","1930"
"Flower Shop","Default","1931"
"Sweep Burrow","Default","1932"
"Rampart","Default","1933"
"Felli","Bouhajbane","1934"
"Fettas","Fettas","1935"
"Lifeline","Default","1936"
"Tiddas","Historical Information","1937"
"Dhib oul-Aslag","Dhib oul-Aslag","1938"
"Khamousiyya","Khamousiyya","1939"
"Sabou'iyya","Sabou'iyya","1940"
"La Dama","La Dama","1941"
"El Perro","El Perro","1942"
"El Zorro","El Zorro","1943"
"La Chascona","La Chascona","1944"
"El Cazador","El Cazador","1945"
"Khiam","Khiam","1946"
"Feldja","Historical Information","1947"
"Selbia","Selbia","1948"
"Guettal","Historical Information","1949"
"Millieu","Default","1950"
"Ancient Merels","Historical Information","1951"
"Janes Soppi","Hare wins","1952"
"Hund efter Hare (Thy)","Hare wins","1953"
"Hund efter Hare (Vendsyssel)","Hare Wins","1954"
"Hyvn aetter Hare","Hare Wins","1955"
"Gioco dell'Orso","Bear Wins One Round","1956"
"Mangala (Greek)","Historical Information","1957"
"Tavla (Ottoman)","Historical Information","1958"
"Ottoman Mancala","Historical Information","1959"
"To Kinegi tou Lagou","Rabbit Wins One Round","1960"
"Allemande","Default","1961"
"Symple","Default","1962"
"Double-Run Stone","Default","1963"
"Pyrga","Default","1964"
"Chains of Thought","Default","1965"
"Game of Dwarfs","Default","1966"
"Udat Pagada (Historical)","Hitorical Information","1967"
"Hexifact","Default","1968"
"Wrigglers","Default","1969"
"Wrigglers Squared","Default","1970"
"Scaffold","Default","1971"
"Chong (Sakhalin)","Chong (Sakhalin)","1972"
"Traffic Lights","Default","1973"
"Ring","Ring","1974"
"Overflow","Default","1975"
"Redstone","Default","1976"
"Paintbucket","Default","1977"
"Yoin","Default","1978"
"2048","Default","1979"
"Signum","Default","1981"
"Cavity","Default","1982"
"Veloop (Square)","Default","1983"
"Veloop (Hex)","Default","1984"
"Mono","Default","1985"
"Elea","Default","1986"
"Ecosys","Default","1987"
"OffShore","Default","1988"
"Dama (Kenya)","Dama (Kenya)","1989"
"Dama (Comoros)","Dama (Comoros)","1990"
"Mraha wa Bwe","Mraha wa Bwe","1991"
"Dama (Alquerque)","Dama (Alquerque)","1992"
"King And Courtesan","Default","1993"
"Polypods","Default","1994"
"Bug","Default","1995"
"Shatera","Shatera","1996"
"Manifold","Default","1997"
"Brood","Default","1998"
"Tennessee Waltz","Default","1999"
"Gobblet Gobblers","Default","2000"
"The SmallHolder","Default","2001"
"MensaSpiel","Default","2002"
"58 Holes","Carter Unmarked","2003"
"58 Holes","Carter Marked Holes","2004"
"58 Holes","Carter Crossover 1","2005"
"58 Holes","Carter Crossover 2","2006"
"58 Holes","Carter Crossover 3","2007"
"58 Holes","Carter Crossover 4","2008"
"58 Holes","Tab Unmarked","2009"
"58 Holes","Tab Marked (Throw)","2010"
"58 Holes","Tab Marked (Safe)","2011"
"58 Holes","Tab Parallel Connections","2012"
"58 Holes","Tab Crosssover 1","2013"
"58 Holes","Tab Crossover 2","2014"
"58 Holes","Tab Crossover 3","2015"
"58 Holes","Tab Crossover 4","2016"
"Mu Torere","First Move","2017"
"Mu Torere","First Two Turns","2018"
"Nodal Chess","Default","2019"
"Mu Torere","Adjacent Enemy","2020"
"Tsjoncka","Historical Evidence","2021"
"Toads and Frogs","Default","2022"
"The Pawn Game","Default","2023"
"58 Holes","Carter Marked D6","2024"
"58 Holes","Carnarvon and Carter D6","2025"
"58 Holes","Carter Unmarked D6","2026"
"58 Holes","Carter Crossover 1 D6","2027"
"58 Holes","Carter Crossover 2 D6","2028"
"58 Holes","Carter Crossover 3 D6","2029"
"58 Holes","Carter Crossover 4 D6","2030"
